{
  "main": {
    "id": "2178b4b13ad8d220",
    "type": "split",
    "children": [
      {
        "id": "e125e24094fdc972",
        "type": "tabs",
        "children": [
          {
            "id": "2f4da4148c8faf6f",
            "type": "leaf",
            "pinned": true,
            "state": {
              "type": "markdown",
              "state": {
                "file": "Boas Vindas.md",
                "mode": "preview",
                "source": false,
                "backlinks": false
              },
              "pinned": true,
              "icon": "lucide-file",
              "title": "Boas Vindas"
            }
          },
          {
            "id": "b431c59ed53ec492",
            "type": "leaf",
            "state": {
              "type": "markdown",
              "state": {
                "file": "README.md",
                "mode": "preview",
                "source": false,
                "backlinks": false
              },
              "icon": "lucide-file",
              "title": "README"
            }
          }
        ]
      }
    ],
    "direction": "vertical"
  },
  "left": {
    "id": "da223467db4c9158",
    "type": "split",
    "children": [
      {
        "id": "3ba83bbb7904c6a3",
        "type": "tabs",
        "children": [
          {
            "id": "b34c0f902b1265c0",
            "type": "leaf",
            "state": {
              "type": "file-explorer",
              "state": {
                "sortOrder": "alphabetical",
                "autoReveal": false
              },
              "icon": "lucide-folder-closed",
              "title": "Files"
            }
          },
          {
            "id": "c3dcb494a0674c29",
            "type": "leaf",
            "state": {
              "type": "search",
              "state": {
                "query": "tag:#info",
                "matchingCase": false,
                "explainSearch": false,
                "collapseAll": false,
                "extraContext": false,
                "sortOrder": "alphabetical"
              },
              "icon": "lucide-search",
              "title": "Procurar"
            }
          },
          {
            "id": "e0f7509dece0369f",
            "type": "leaf",
            "state": {
              "type": "bookmarks",
              "state": {},
              "icon": "lucide-bookmark",
              "title": "Marcadores"
            }
          },
          {
            "id": "4b823fe391e9ac40",
            "type": "leaf",
            "state": {
              "type": "recent-files",
              "state": {},
              "icon": "clock",
              "title": "Recent Files"
            }
          }
        ]
      }
    ],
    "direction": "horizontal",
    "width": 344.5
  },
  "right": {
    "id": "3703f7d8eaeb01fd",
    "type": "split",
    "children": [
      {
        "id": "c4e9b6b7a7b97459",
        "type": "tabs",
        "children": [
          {
            "id": "10e25e51bf00f4f9",
            "type": "leaf",
            "state": {
              "type": "markdown",
              "state": {
                "file": "X/Assets/_atalhos.md",
                "mode": "source",
                "source": false,
                "backlinks": false
              },
              "icon": "lucide-file",
              "title": "_atalhos"
            }
          },
          {
            "id": "f7119f2528338e15",
            "type": "leaf",
            "state": {
              "type": "outline",
              "state": {
                "file": "Boas Vindas.md",
                "followCursor": false,
                "showSearch": false,
                "searchQuery": ""
              },
              "icon": "lucide-list",
              "title": "Outline of Boas Vindas"
            }
          },
          {
            "id": "2386ef8588c3dc8e",
            "type": "leaf",
            "state": {
              "type": "tag",
              "state": {
                "sortOrder": "frequency",
                "useHierarchy": true,
                "showSearch": false,
                "searchQuery": ""
              },
              "icon": "lucide-tags",
              "title": "Tags"
            }
          },
          {
            "id": "1ebc49deb54dd0f7",
            "type": "leaf",
            "state": {
              "type": "all-properties",
              "state": {
                "sortOrder": "frequency",
                "showSearch": false,
                "searchQuery": ""
              },
              "icon": "lucide-archive",
              "title": "Todas as propriedades"
            }
          },
          {
            "id": "40be355d2ebab86f",
            "type": "leaf",
            "state": {
              "type": "file-properties",
              "state": {
                "file": "Boas Vindas.md"
              },
              "icon": "lucide-info",
              "title": "File properties for Boas Vindas"
            }
          },
          {
            "id": "7a2141420f060740",
            "type": "leaf",
            "state": {
              "type": "outgoing-link",
              "state": {
                "file": "Boas Vindas.md",
                "linksCollapsed": false,
                "unlinkedCollapsed": true
              },
              "icon": "links-going-out",
              "title": "Outgoing links from Boas Vindas"
            }
          },
          {
            "id": "5d297ae10b81be7a",
            "type": "leaf",
            "state": {
              "type": "calendar",
              "state": {},
              "icon": "calendar-with-checkmark",
              "title": "Calendar"
            }
          },
          {
            "id": "ddec9df386de7db5",
            "type": "leaf",
            "state": {
              "type": "backlink",
              "state": {
                "file": "Boas Vindas.md",
                "collapseAll": false,
                "extraContext": false,
                "sortOrder": "alphabetical",
                "showSearch": false,
                "searchQuery": "",
                "backlinkCollapsed": false,
                "unlinkedCollapsed": true
              },
              "icon": "links-coming-in",
              "title": "Backlinks for Boas Vindas"
            }
          }
        ]
      }
    ],
    "direction": "horizontal",
    "width": 381.5
  },
  "left-ribbon": {
    "hiddenItems": {
      "switcher:Open quick switcher": false,
      "graph:Open graph view": false,
      "canvas:Create new canvas": false,
      "daily-notes:Open today's daily note": false,
      "templates:Insert template": false,
      "command-palette:Open command palette": false,
      "workspaces:Manage workspace layouts": false,
      "bases:Create new base": false,
      "callout-manager:Insert Callout": false,
      "templater-obsidian:Templater": false,
      "periodic-notes:Open today": false
    }
  },
  "active": "2f4da4148c8faf6f",
  "lastOpenFiles": [
    "+/Contribua para Meu Projeto.md",
    "Atlas/Conceitos/+ Entendendo o básico Obsidian/02 Markdown.md",
    "Atlas/Conceitos/+ Entendendo o básico Obsidian/01 Primeira Nota.md",
    "Boas Vindas.md",
    "X/Assets/_atalhos.md",
    "+/Obsidian Base.base",
    "X/Assets/Dataview/@-templates.md",
    "Atlas/Index & Bases/+ Gestão de Conhecimento.md",
    "🏠.md",
    "Atlas/Conceitos/+ Entendendo o básico Obsidian/08 ACE Pack.md",
    "X/start-here.md",
    "Calendar & Review/Daily Notes/2025-10-06.md",
    "Atlas/Conceitos/+ Entendendo o básico Obsidian/04 Entendendo Coleções.md",
    "Atlas/Conceitos/+ Entendendo o básico Obsidian/06 Boas Práticas de Classificação.md",
    "Atlas/Conceitos/+ Entendendo o básico Obsidian/07 Sugestões de Classificações.md",
    "Atlas/Conceitos/+ Entendendo o básico Obsidian/03 Propriedades.md",
    "README.md",
    "Créditos-Atribuições.md",
    "+/As 3 Areas ACE.md",
    "+/Estrutura base.md",
    "X/showcase.md",
    "X/Acessar Pro.md",
    "+/Obsidian.md",
    "Atlas/Index & Bases/Boards.base",
    "Calendar & Review/Daily Notes/2026-02-15.md",
    "+",
    "X/Templates/Format/T-new-note-collection.md",
    "X/Templates/Format/Z-new-area-note.md",
    "X/Media/Images/Vault Pro.png",
    "Obsidian-PKM-Intro-Template-Vault.zip",
    "Arquivo compactado.zip",
    "Arquivo compactado.zip.k1tjvf.part",
    "X/Media/arc-flow.png",
    "Obsidian-PKM-Intro-Template-Vault/X/Media/Images/snippetss.png",
    "Obsidian-PKM-Intro-Template-Vault/X/Media/Images/rebuild vault cache.png",
    "Obsidian-PKM-Intro-Template-Vault/X/Media/Images/daily-capture.png",
    "Obsidian-PKM-Intro-Template-Vault/X/Media/Images/areas-projetos.png",
    "Obsidian-PKM-Intro-Template-Vault/X/Media/Images/Acessar Pro.png",
    "Obsidian-PKM-Intro-Template-Vault/X/Media/Images/Acessar Pro 3.png",
    "Obsidian-PKM-Intro-Template-Vault/X/Media/Images/Acessar Pro 2.png",
    "Obsidian-PKM-Intro-Template-Vault/X/Media/Images/Acessar Pro 1.png",
    "Obsidian-PKM-Intro-Template-Vault/X/Templates/Snippet",
    "Obsidian-PKM-Intro-Template-Vault/X/Templates/Format",
    "Obsidian-PKM-Intro-Template-Vault/X/Media/Images",
    "Obsidian-PKM-Intro-Template-Vault/X/Assets/Dataview",
    "+/nen-system-hxh.canvas",
    "Projects & Areas/Projects/Archives/independent/webdesign/web.design.canvas",
    "Projects & Areas/Projects/Ongoing/Obsidian Community/Untitled.canvas",
    "Knowlegde/Maps &  Index/34.2 Maps/+_CANVAS_AOC.canvas",
    "Knowlegde/Maps &  Index/34.2 Maps/+_CANVAS-DATASCIENCE.canvas",
    "Knowlegde/34 Maps &  Index/34.2 Maps/mapa-pkm.canvas",
    "Sem título.canvas",
    "30 Knowlegde/34 Maps &  Index/34.2 Maps/+_CANVAS_AOC.canvas",
    "30 Knowlegde/34 Maps &  Index/34.2 Maps/mapa-pkm.canvas",
    "30 Knowlegde/34 Maps &  Index/34.2 Maps/+_CANVAS_AOC 1.canvas"
  ]
}