{
  "main": {
    "id": "2178b4b13ad8d220",
    "type": "split",
    "children": [
      {
        "id": "e125e24094fdc972",
        "type": "tabs",
        "children": [
          {
            "id": "2f4da4148c8faf6f",
            "type": "leaf",
            "state": {
              "type": "markdown",
              "state": {
                "file": "README.md",
                "mode": "preview",
                "source": false,
                "backlinks": false
              },
              "icon": "lucide-file",
              "title": "README"
            }
          },
          {
            "id": "5a836dfdf8fb08b5",
            "type": "leaf",
            "state": {
              "type": "markdown",
              "state": {
                "file": "🏠.md",
                "mode": "source",
                "source": false,
                "backlinks": false
              },
              "icon": "lucide-file",
              "title": "🏠"
            }
          },
          {
            "id": "0eb7bb9958436b6c",
            "type": "leaf",
            "state": {
              "type": "empty",
              "state": {},
              "icon": "lucide-file",
              "title": "Nova aba"
            }
          }
        ]
      }
    ],
    "direction": "vertical"
  },
  "left": {
    "id": "da223467db4c9158",
    "type": "split",
    "children": [
      {
        "id": "3ba83bbb7904c6a3",
        "type": "tabs",
        "children": [
          {
            "id": "f7119f2528338e15",
            "type": "leaf",
            "state": {
              "type": "outline",
              "state": {
                "file": "README.md",
                "followCursor": false,
                "showSearch": false,
                "searchQuery": ""
              },
              "icon": "lucide-list",
              "title": "Sumário de README"
            }
          },
          {
            "id": "c3dcb494a0674c29",
            "type": "leaf",
            "state": {
              "type": "search",
              "state": {
                "query": "tag:#info",
                "matchingCase": false,
                "explainSearch": false,
                "collapseAll": false,
                "extraContext": false,
                "sortOrder": "alphabetical"
              },
              "icon": "lucide-search",
              "title": "Procurar"
            }
          },
          {
            "id": "e0f7509dece0369f",
            "type": "leaf",
            "state": {
              "type": "bookmarks",
              "state": {},
              "icon": "lucide-bookmark",
              "title": "Marcadores"
            }
          },
          {
            "id": "4b823fe391e9ac40",
            "type": "leaf",
            "state": {
              "type": "recent-files",
              "state": {},
              "icon": "clock",
              "title": "Recent Files"
            }
          }
        ]
      }
    ],
    "direction": "horizontal",
    "width": 344.5
  },
  "right": {
    "id": "3703f7d8eaeb01fd",
    "type": "split",
    "children": [
      {
        "id": "c4e9b6b7a7b97459",
        "type": "tabs",
        "children": [
          {
            "id": "b34c0f902b1265c0",
            "type": "leaf",
            "state": {
              "type": "file-explorer",
              "state": {
                "sortOrder": "alphabetical",
                "autoReveal": false
              },
              "icon": "lucide-folder-closed",
              "title": "Explorador de arquivos"
            }
          },
          {
            "id": "2386ef8588c3dc8e",
            "type": "leaf",
            "state": {
              "type": "tag",
              "state": {
                "sortOrder": "frequency",
                "useHierarchy": true,
                "showSearch": false,
                "searchQuery": ""
              },
              "icon": "lucide-tags",
              "title": "Tags"
            }
          },
          {
            "id": "1ebc49deb54dd0f7",
            "type": "leaf",
            "state": {
              "type": "all-properties",
              "state": {
                "sortOrder": "frequency",
                "showSearch": false,
                "searchQuery": ""
              },
              "icon": "lucide-archive",
              "title": "Todas as propriedades"
            }
          },
          {
            "id": "40be355d2ebab86f",
            "type": "leaf",
            "state": {
              "type": "file-properties",
              "state": {
                "file": "README.md"
              },
              "icon": "lucide-info",
              "title": "Propriedades do arquivo README"
            }
          },
          {
            "id": "7a2141420f060740",
            "type": "leaf",
            "state": {
              "type": "outgoing-link",
              "state": {
                "file": "README.md",
                "linksCollapsed": false,
                "unlinkedCollapsed": true
              },
              "icon": "links-going-out",
              "title": "Links de saída para README"
            }
          },
          {
            "id": "5d297ae10b81be7a",
            "type": "leaf",
            "state": {
              "type": "calendar",
              "state": {},
              "icon": "calendar-with-checkmark",
              "title": "Calendar"
            }
          },
          {
            "id": "ddec9df386de7db5",
            "type": "leaf",
            "state": {
              "type": "backlink",
              "state": {
                "file": "README.md",
                "collapseAll": false,
                "extraContext": false,
                "sortOrder": "alphabetical",
                "showSearch": false,
                "searchQuery": "",
                "backlinkCollapsed": false,
                "unlinkedCollapsed": true
              },
              "icon": "links-coming-in",
              "title": "Links inversos para README"
            }
          }
        ]
      }
    ],
    "direction": "horizontal",
    "width": 381.5
  },
  "left-ribbon": {
    "hiddenItems": {
      "switcher:Abrir a troca rápida": false,
      "graph:Abrir visualização em gráfico": false,
      "canvas:Criar novo canvas": false,
      "daily-notes:Abrir a nota de hoje": false,
      "templates:Inserir modelo": false,
      "command-palette:Abrir paleta de comandos": false,
      "workspaces:Gerenciar leiautes da área de trabalho": false,
      "bases:Criar nova base": false,
      "callout-manager:Insert Callout": false,
      "templater-obsidian:Templater": false,
      "periodic-notes:Open today": false
    }
  },
  "active": "2f4da4148c8faf6f",
  "lastOpenFiles": [
    "🏠.md",
    "README.md",
    "Atlas/Conceitos/+ Entendendo o básico Obsidian/01 Primeira Nota.md",
    "+/crie um link.md",
    "X/Assets/Dataview/@-templates.md",
    "Atlas/Index & Bases/+ Gestão de Conhecimento.md",
    "Atlas/Index & Bases/11 Checklist.md",
    "Atlas/Conceitos/+ Entendendo o básico Obsidian/08 ACE Pack.md",
    "Atlas/Conceitos/+ Entendendo o básico Obsidian/02 Markdown.md",
    "Atlas/Conceitos/+ Entendendo o básico Obsidian/07 Sugestões de Classificações.md",
    "Atlas/Conceitos/+ Entendendo o básico Obsidian/06 Boas Práticas de Classificação.md",
    "Atlas/Conceitos/+ Entendendo o básico Obsidian/04 Entendendo Coleções.md",
    "Atlas/Conceitos/+ Entendendo o básico Obsidian/03 Propriedades.md",
    "Atlas/Conceitos/+ Entendendo o básico Obsidian/09 ARC Framework.md",
    "Créditos-Atribuições.md",
    "X/Media/Images/snippetss.png",
    "X/Media/Images/rebuild vault cache.png",
    "Calendar & Review/Daily Notes/2026-01-25.md",
    "+/como + funciona.md",
    "+/Hotkeys.md",
    "X/Media/Images/areas-projetos.png",
    "Projects & Areas/Areas/Desenvolvimento Pessoal/Desenvolvimento Pessoal.md",
    "area 1.md",
    "Projects & Areas/Projects/Ongoing/Projeto Exemplo/nota projeto.md",
    "Projects & Areas/Projects/Ongoing/Projeto Exemplo/Projeto Exemplo.md",
    "Projects & Areas/Projects/Ongoing/Projeto Exemplo/---.md",
    "X/Templates/Format/T-new-project.md",
    "Projects & Areas/Projects/Ongoing/Projeto Exemplo",
    "Projects & Areas/Projects/Ongoing",
    "Projects & Areas/Projects",
    "X/Templates/Format/Z-project note.md",
    "X/Templates/Format/Z-new-area-note.md",
    "Projects & Areas/Areas/Desenvolvimento Pessoal",
    "Projects & Areas/Areas",
    "Projects & Areas/Projects/Ongoing/Projeto Exemplo 1",
    "Projects & Areas",
    "X/Media/Images/daily-capture.png",
    "Calendar & Review/Weekly Notes",
    "Calendar & Review/Monthly Notes",
    "X/Media/arc-flow.png",
    "Atlas/Index & Bases/Boards.base",
    "X/Media/Images/Acessar Pro 3.png",
    "X/Media/Images/Acessar Pro 2.png",
    "X/Media/Images/Acessar Pro 1.png",
    "X/Media/Images/Acessar Pro.png",
    "+/nen-system-hxh.canvas",
    "X/Media/Images/Pasted image 20251209000400.png",
    "Projects & Areas/Projects/Archives/independent/webdesign/web.design.canvas",
    "Projects & Areas/Projects/Ongoing/Obsidian Community/Untitled.canvas",
    "Knowlegde/Maps &  Index/34.2 Maps/+_CANVAS_AOC.canvas",
    "Knowlegde/Maps &  Index/34.2 Maps/+_CANVAS-DATASCIENCE.canvas",
    "Knowlegde/34 Maps &  Index/34.2 Maps/mapa-pkm.canvas",
    "Sem título.canvas",
    "30 Knowlegde/34 Maps &  Index/34.2 Maps/+_CANVAS_AOC.canvas",
    "30 Knowlegde/34 Maps &  Index/34.2 Maps/mapa-pkm.canvas",
    "30 Knowlegde/34 Maps &  Index/34.2 Maps/+_CANVAS_AOC 1.canvas"
  ]
}